{
  "src": [
    "audio.ogg",
    "audio.mp3"
  ],
  "sprite": {
    "barkDucks": [
      0,
      1462.5850340136055
    ],
    "champ": [
      3000,
      1253.8775510204082
    ],
    "gunSound": [
      6000,
      1156.893424036281
    ],
    "laugh": [
      9000,
      809.7959183673478
    ],
    "loserSound": [
      11000,
      3631.0204081632664
    ],
    "ohYeah": [
      16000,
      1071.020408163264
    ],
    "quacking": [
      19000,
      116.09977324263099,
      true
    ],
    "quak": [
      21000,
      1286.9614512471658
    ],
    "sniff": [
      24000,
      1930.6575963718835,
      true
    ],
    "thud": [
      27000,
      293.9909297052168
    ]
  }
}